{"cameraMode":{"drawMode":0,"name":"Shaded","section":"Shading Mode"},"sceneLighting":true,"audioPlay":false,"sceneViewState":{"m_AlwaysRefresh":false,"showFog":true,"showSkybox":true,"showFlares":true,"showImageEffects":true,"showParticleSystems":true,"showVisualEffectGraphs":true,"m_FxEnabled":true},"in2DMode":false,"pivot":{"x":-17.214332580566408,"y":-882.5591430664063,"z":1275.5587158203125},"rotation":{"x":0.30638307332992556,"y":-0.0042830840684473518,"z":0.0013774629915133119,"w":0.9518877267837524},"size":830.1799926757813,"orthographic":false}